Field,Synthetic Biology,Protein Language Models (PLMs),"Gene Editing (CRISPR, base/prime)",Biomanufacturing & Bio-foundries,Cell & Gene Therapy,"Medical Devices & Neurotech (BCI, neural implants, prosthetics, wearables)",Computational Biology & Digital Twins
Total of Firms Number (North America),1750,1750,1750,1750,1750,1750,1750
Total Number of Firms (Canada),190,190,190,190,190,190,190
Total Number of Firms (U.S ),1475,1475,1475,1475,1475,1475,1475
Total Number of Firms (Mexico),85,85,85,85,85,85,85
Startup Stage (North America),1487,1487,1487,1487,1487,1487,1487
Startup Stage (Canada),161,161,161,161,161,161,161
Startup Stage (U.S),1253,1253,1253,1253,1253,1253,1253
Startup Stage (Mexico),72,72,72,72,72,72,72
Public (North America),20,20,20,20,20,20,20
Public (Canada),18,18,18,18,18,18,18
Public (U.S),21,21,21,21,21,21,21
Public (Mexico),17,17,17,17,17,17,17
Private (North America),80,80,80,80,80,80,80
Private (Canada),82,82,82,82,82,82,82
Private (U.S),79,79,79,79,79,79,79
Private (Mexico),83,83,83,83,83,83,83
# Patents (North America),6400,6400,6400,6400,6400,6400,6400
# Patents (Canada),14,14,14,14,14,14,14
# Patents (U.S),78,78,78,78,78,78,78
% Patents (Mexico vs North America) ,8,8,8,8,8,8,8
Vertical Intergration ,Medium-High,Medium-High,Medium-High,Medium-High,Medium-High,Medium-High,Medium-High
Competitive Advantage (North America),Integrated Innovation Ecosystem,Integrated Innovation Ecosystem,Integrated Innovation Ecosystem,Integrated Innovation Ecosystem,Integrated Innovation Ecosystem,Integrated Innovation Ecosystem,Integrated Innovation Ecosystem
Competitive Advantage (Canada),Research Excellence & Government Support,Research Excellence & Government Support,Research Excellence & Government Support,Research Excellence & Government Support,Research Excellence & Government Support,Research Excellence & Government Support,Research Excellence & Government Support
Competitive Advantage (U.S),Market Scale & Capital Access,Market Scale & Capital Access,Market Scale & Capital Access,Market Scale & Capital Access,Market Scale & Capital Access,Market Scale & Capital Access,Market Scale & Capital Access
Competitive Advantage (Mexico),Manufacturing Efficiency & Cost Advantage,Manufacturing Efficiency & Cost Advantage,Manufacturing Efficiency & Cost Advantage,Manufacturing Efficiency & Cost Advantage,Manufacturing Efficiency & Cost Advantage,Manufacturing Efficiency & Cost Advantage,Manufacturing Efficiency & Cost Advantage
Cost Advantage (North America) ,Moderate - High R&D Costs,Moderate - High R&D Costs,Moderate - High R&D Costs,Moderate - High R&D Costs,Moderate - High R&D Costs,Moderate - High R&D Costs,Moderate - High R&D Costs
Cost Advantage (Canada) ,Government R&D Incentives,Government R&D Incentives,Government R&D Incentives,Government R&D Incentives,Government R&D Incentives,Government R&D Incentives,Government R&D Incentives
Cost Advantage (Mexico),Lower Operating Costs,Lower Operating Costs,Lower Operating Costs,Lower Operating Costs,Lower Operating Costs,Lower Operating Costs,Lower Operating Costs
Differentiation Advantage (North America),Technology Integration Leadership,Technology Integration Leadership,Technology Integration Leadership,Technology Integration Leadership,Technology Integration Leadership,Technology Integration Leadership,Technology Integration Leadership
Differentiation Advantage (Canada),Academic-Industry Collaboration,Academic-Industry Collaboration,Academic-Industry Collaboration,Academic-Industry Collaboration,Academic-Industry Collaboration,Academic-Industry Collaboration,Academic-Industry Collaboration
Differentiation Advantage (Mexico),Manufacturing & Assembly Hub,Manufacturing & Assembly Hub,Manufacturing & Assembly Hub,Manufacturing & Assembly Hub,Manufacturing & Assembly Hub,Manufacturing & Assembly Hub,Manufacturing & Assembly Hub
Vertical Intergration Opportunities (North America),Platform & Ecosystem Development,Platform & Ecosystem Development,Platform & Ecosystem Development,Platform & Ecosystem Development,Platform & Ecosystem Development,Platform & Ecosystem Development,Platform & Ecosystem Development
Vertical Intergration Opportunities  (Canada),Research-to-Market Pipeline,Research-to-Market Pipeline,Research-to-Market Pipeline,Research-to-Market Pipeline,Research-to-Market Pipeline,Research-to-Market Pipeline,Research-to-Market Pipeline
Vertical Intergration Opportunities  (Mexico),Supply Chain Integration,Supply Chain Integration,Supply Chain Integration,Supply Chain Integration,Supply Chain Integration,Supply Chain Integration,Supply Chain Integration
Diversification Strategy/Opportunities (North America),Cross-Technology Convergence,Cross-Technology Convergence,Cross-Technology Convergence,Cross-Technology Convergence,Cross-Technology Convergence,Cross-Technology Convergence,Cross-Technology Convergence
Diversification Strategy/Opportunities (Canada),Clean Tech & AI Integration,Clean Tech & AI Integration,Clean Tech & AI Integration,Clean Tech & AI Integration,Clean Tech & AI Integration,Clean Tech & AI Integration,Clean Tech & AI Integration
Diversification Strategy/Opportunities (Mexico),Industrial IoT & Manufacturing 4.0,Industrial IoT & Manufacturing 4.0,Industrial IoT & Manufacturing 4.0,Industrial IoT & Manufacturing 4.0,Industrial IoT & Manufacturing 4.0,Industrial IoT & Manufacturing 4.0,Industrial IoT & Manufacturing 4.0
