Field,Post-Quantum Cryptography,Zero-Knowledge Proofs,"Privacy-Preserving Computation (MPC, HE)",Federated & Secure Data Infrastructure,Decentralized Identity & Digital Trust
Total of Firms Number (North America),1100,1100,1100,1100,1100
Total Number of Firms (Canada),210,210,210,210,210
Total Number of Firms (U.S ),825,825,825,825,825
Total Number of Firms (Mexico),65,65,65,65,65
Startup Stage (North America),935,935,935,935,935
Startup Stage (Canada),178,178,178,178,178
Startup Stage (U.S),701,701,701,701,701
Startup Stage (Mexico),55,55,55,55,55
Public (North America),15,15,15,15,15
Public (Canada),13,13,13,13,13
Public (U.S),16,16,16,16,16
Public (Mexico),12,12,12,12,12
Private (North America),85,85,85,85,85
Private (Canada),87,87,87,87,87
Private (U.S),84,84,84,84,84
Private (Mexico),88,88,88,88,88
# Patents (North America),1900,1900,1900,1900,1900
# Patents (Canada),22,22,22,22,22
# Patents (U.S),72,72,72,72,72
% Patents (Mexico vs North America) ,6,6,6,6,6
Vertical Intergration ,Medium-High,Medium-High,Medium-High,Medium-High,Medium-High
Competitive Advantage (North America),Integrated Innovation Ecosystem,Integrated Innovation Ecosystem,Integrated Innovation Ecosystem,Integrated Innovation Ecosystem,Integrated Innovation Ecosystem
Competitive Advantage (Canada),Research Excellence & Government Support,Research Excellence & Government Support,Research Excellence & Government Support,Research Excellence & Government Support,Research Excellence & Government Support
Competitive Advantage (U.S),Market Scale & Capital Access,Market Scale & Capital Access,Market Scale & Capital Access,Market Scale & Capital Access,Market Scale & Capital Access
Competitive Advantage (Mexico),Manufacturing Efficiency & Cost Advantage,Manufacturing Efficiency & Cost Advantage,Manufacturing Efficiency & Cost Advantage,Manufacturing Efficiency & Cost Advantage,Manufacturing Efficiency & Cost Advantage
Cost Advantage (North America) ,Moderate - High R&D Costs,Moderate - High R&D Costs,Moderate - High R&D Costs,Moderate - High R&D Costs,Moderate - High R&D Costs
Cost Advantage (Canada) ,Government R&D Incentives,Government R&D Incentives,Government R&D Incentives,Government R&D Incentives,Government R&D Incentives
Cost Advantage (Mexico),Lower Operating Costs,Lower Operating Costs,Lower Operating Costs,Lower Operating Costs,Lower Operating Costs
Differentiation Advantage (North America),Technology Integration Leadership,Technology Integration Leadership,Technology Integration Leadership,Technology Integration Leadership,Technology Integration Leadership
Differentiation Advantage (Canada),Academic-Industry Collaboration,Academic-Industry Collaboration,Academic-Industry Collaboration,Academic-Industry Collaboration,Academic-Industry Collaboration
Differentiation Advantage (Mexico),Manufacturing & Assembly Hub,Manufacturing & Assembly Hub,Manufacturing & Assembly Hub,Manufacturing & Assembly Hub,Manufacturing & Assembly Hub
Vertical Intergration Opportunities (North America),Platform & Ecosystem Development,Platform & Ecosystem Development,Platform & Ecosystem Development,Platform & Ecosystem Development,Platform & Ecosystem Development
Vertical Intergration Opportunities  (Canada),Research-to-Market Pipeline,Research-to-Market Pipeline,Research-to-Market Pipeline,Research-to-Market Pipeline,Research-to-Market Pipeline
Vertical Intergration Opportunities  (Mexico),Supply Chain Integration,Supply Chain Integration,Supply Chain Integration,Supply Chain Integration,Supply Chain Integration
Diversification Strategy/Opportunities (North America),Cross-Technology Convergence,Cross-Technology Convergence,Cross-Technology Convergence,Cross-Technology Convergence,Cross-Technology Convergence
Diversification Strategy/Opportunities (Canada),Clean Tech & AI Integration,Clean Tech & AI Integration,Clean Tech & AI Integration,Clean Tech & AI Integration,Clean Tech & AI Integration
Diversification Strategy/Opportunities (Mexico),Industrial IoT & Manufacturing 4.0,Industrial IoT & Manufacturing 4.0,Industrial IoT & Manufacturing 4.0,Industrial IoT & Manufacturing 4.0,Industrial IoT & Manufacturing 4.0
