Field,Advanced Materials for Chips,Photonics & Optoelectronics,Spintronics,3D / Heterogeneous Integration,Chiplet & Packaging Innovations,AI-Optimized Hardware
Total of Firms Number (North America),425,425,425,425,425,425
Total Number of Firms (Canada),47,47,47,47,47,47
Total Number of Firms (U.S ),340,340,340,340,340,340
Total Number of Firms (Mexico),37,37,37,37,37,37
Startup Stage (North America),276,276,276,276,276,276
Startup Stage (Canada),30,30,30,30,30,30
Startup Stage (U.S),221,221,221,221,221,221
Startup Stage (Mexico),24,24,24,24,24,24
Public (North America),25,25,25,25,25,25
Public (Canada),23,23,23,23,23,23
Public (U.S),26,26,26,26,26,26
Public (Mexico),22,22,22,22,22,22
Private (North America),75,75,75,75,75,75
Private (Canada),77,77,77,77,77,77
Private (U.S),74,74,74,74,74,74
Private (Mexico),78,78,78,78,78,78
# Patents (North America),4250,4250,4250,4250,4250,4250
# Patents (Canada),8,8,8,8,8,8
# Patents (U.S),85,85,85,85,85,85
% Patents (Mexico vs North America) ,7,7,7,7,7,7
Vertical Intergration ,Medium-High,Medium-High,Medium-High,Medium-High,Medium-High,Medium-High
Competitive Advantage (North America),Integrated Innovation Ecosystem,Integrated Innovation Ecosystem,Integrated Innovation Ecosystem,Integrated Innovation Ecosystem,Integrated Innovation Ecosystem,Integrated Innovation Ecosystem
Competitive Advantage (Canada),Research Excellence & Government Support,Research Excellence & Government Support,Research Excellence & Government Support,Research Excellence & Government Support,Research Excellence & Government Support,Research Excellence & Government Support
Competitive Advantage (U.S),Market Scale & Capital Access,Market Scale & Capital Access,Market Scale & Capital Access,Market Scale & Capital Access,Market Scale & Capital Access,Market Scale & Capital Access
Competitive Advantage (Mexico),Manufacturing Efficiency & Cost Advantage,Manufacturing Efficiency & Cost Advantage,Manufacturing Efficiency & Cost Advantage,Manufacturing Efficiency & Cost Advantage,Manufacturing Efficiency & Cost Advantage,Manufacturing Efficiency & Cost Advantage
Cost Advantage (North America) ,Moderate - High R&D Costs,Moderate - High R&D Costs,Moderate - High R&D Costs,Moderate - High R&D Costs,Moderate - High R&D Costs,Moderate - High R&D Costs
Cost Advantage (Canada) ,Government R&D Incentives,Government R&D Incentives,Government R&D Incentives,Government R&D Incentives,Government R&D Incentives,Government R&D Incentives
Cost Advantage (Mexico),Lower Operating Costs,Lower Operating Costs,Lower Operating Costs,Lower Operating Costs,Lower Operating Costs,Lower Operating Costs
Differentiation Advantage (North America),Technology Integration Leadership,Technology Integration Leadership,Technology Integration Leadership,Technology Integration Leadership,Technology Integration Leadership,Technology Integration Leadership
Differentiation Advantage (Canada),Academic-Industry Collaboration,Academic-Industry Collaboration,Academic-Industry Collaboration,Academic-Industry Collaboration,Academic-Industry Collaboration,Academic-Industry Collaboration
Differentiation Advantage (Mexico),Manufacturing & Assembly Hub,Manufacturing & Assembly Hub,Manufacturing & Assembly Hub,Manufacturing & Assembly Hub,Manufacturing & Assembly Hub,Manufacturing & Assembly Hub
Vertical Intergration Opportunities (North America),Platform & Ecosystem Development,Platform & Ecosystem Development,Platform & Ecosystem Development,Platform & Ecosystem Development,Platform & Ecosystem Development,Platform & Ecosystem Development
Vertical Intergration Opportunities  (Canada),Research-to-Market Pipeline,Research-to-Market Pipeline,Research-to-Market Pipeline,Research-to-Market Pipeline,Research-to-Market Pipeline,Research-to-Market Pipeline
Vertical Intergration Opportunities  (Mexico),Supply Chain Integration,Supply Chain Integration,Supply Chain Integration,Supply Chain Integration,Supply Chain Integration,Supply Chain Integration
Diversification Strategy/Opportunities (North America),Cross-Technology Convergence,Cross-Technology Convergence,Cross-Technology Convergence,Cross-Technology Convergence,Cross-Technology Convergence,Cross-Technology Convergence
Diversification Strategy/Opportunities (Canada),Clean Tech & AI Integration,Clean Tech & AI Integration,Clean Tech & AI Integration,Clean Tech & AI Integration,Clean Tech & AI Integration,Clean Tech & AI Integration
Diversification Strategy/Opportunities (Mexico),Industrial IoT & Manufacturing 4.0,Industrial IoT & Manufacturing 4.0,Industrial IoT & Manufacturing 4.0,Industrial IoT & Manufacturing 4.0,Industrial IoT & Manufacturing 4.0,Industrial IoT & Manufacturing 4.0
